<?xml version="1.0" encoding="utf-8" ?>
<dwsync>
<file name="logo.png" server="C:/xampp/htdocs/shala_pizza_system/" local="133176272511719644" remote="133176272510000000" Dst="0" />
<file name="1920x500.gif" server="C:/xampp/htdocs/shala_pizza_system" local="133167209931751279" remote="133167209930000000" Dst="0" />
<file name="40X40.gif" server="C:/xampp/htdocs/shala_pizza_system" local="133167209931831069" remote="133167209930000000" Dst="0" />
<file name="400X200.gif" server="C:/xampp/htdocs/shala_pizza_system" local="133167209931811113" remote="133167209930000000" Dst="0" />
<file name="100X125.gif" server="C:/xampp/htdocs/shala_pizza_system" local="133167209931651545" remote="133167209930000000" Dst="0" />
<file name="320277735_689311379567621_6024429668286318487_n.jpg" server="C:/xampp/htdocs/shala_pizza_system" local="133169567692243293" remote="133169567690000000" Dst="0" />
<file name="fast.png" server="C:/xampp/htdocs/shala_pizza_system" local="133176310362975255" remote="133176310360000000" Dst="0" />
<file name="rsz_fast.png" server="C:/xampp/htdocs/shala_pizza_system" local="133176315447066518" remote="133176315440000000" Dst="0" />
<file name="low price.png" server="C:/xampp/htdocs/shala_pizza_system" local="133176326448672501" remote="133176326440000000" Dst="0" />
<file name="Hot-Pepperoni-Pizza.jpg" server="C:/xampp/htdocs/shala_pizza_system" local="133176354485356175" remote="133176354480000000" Dst="0" />
<file name="danish.png" server="C:/xampp/htdocs/shala_pizza_system" local="133176355560637846" remote="133176355560000000" Dst="0" />
<file name="vege.jpg" server="C:/xampp/htdocs/shala_pizza_system" local="133176357786989077" remote="133176357780000000" Dst="0" />
<file name="Chicken Supreme.png" server="C:/xampp/htdocs/shala_pizza_system" local="133176368262262561" remote="133176368260000000" Dst="0" />
<file name="Sextou Dia De Pizza Pizzarias Social Media PSD Editável.jfif" server="C:/xampp/htdocs/shala_pizza_system" local="133187967188037735" remote="133187967180000000" Dst="0" />
<file name="2.png" server="C:/xampp/htdocs/shala_pizza_system" local="133187689400000000" remote="133187689400000000" Dst="0" />
<file name="3.png" server="C:/xampp/htdocs/shala_pizza_system" local="133187689400000000" remote="133187689400000000" Dst="0" />
<file name="1.png" server="C:/xampp/htdocs/shala_pizza_system" local="133187689400000000" remote="133187689400000000" Dst="0" />
<file name="vegi.png" server="C:/xampp/htdocs/shala_pizza_system" local="133176334791599234" remote="133176334790000000" Dst="0" />
</dwsync>